-- MySQL dump 10.13  Distrib 8.2.0, for Linux (x86_64)
--
-- Host: localhost    Database: test
-- ------------------------------------------------------
-- Server version	8.2.0

/*!40101 SET @OLD_CHARACTER_SET_CLIENT=@@CHARACTER_SET_CLIENT */;
/*!40101 SET @OLD_CHARACTER_SET_RESULTS=@@CHARACTER_SET_RESULTS */;
/*!40101 SET @OLD_COLLATION_CONNECTION=@@COLLATION_CONNECTION */;
/*!50503 SET NAMES utf8mb4 */;
/*!40103 SET @OLD_TIME_ZONE=@@TIME_ZONE */;
/*!40103 SET TIME_ZONE='+00:00' */;
/*!40014 SET @OLD_UNIQUE_CHECKS=@@UNIQUE_CHECKS, UNIQUE_CHECKS=0 */;
/*!40014 SET @OLD_FOREIGN_KEY_CHECKS=@@FOREIGN_KEY_CHECKS, FOREIGN_KEY_CHECKS=0 */;
/*!40101 SET @OLD_SQL_MODE=@@SQL_MODE, SQL_MODE='NO_AUTO_VALUE_ON_ZERO' */;
/*!40111 SET @OLD_SQL_NOTES=@@SQL_NOTES, SQL_NOTES=0 */;

--
-- Table structure for table `city`
--

DROP TABLE IF EXISTS `city`;
/*!40101 SET @saved_cs_client     = @@character_set_client */;
/*!50503 SET character_set_client = utf8mb4 */;
CREATE TABLE `city` (
  `city_id` int NOT NULL AUTO_INCREMENT,
  `city_name` varchar(255) DEFAULT NULL,
  `inhabitants` int DEFAULT NULL,
  `country_id` int DEFAULT NULL,
  PRIMARY KEY (`city_id`),
  KEY `country_id` (`country_id`),
  CONSTRAINT `city_ibfk_1` FOREIGN KEY (`country_id`) REFERENCES `country` (`country_id`)
) ENGINE=InnoDB AUTO_INCREMENT=7 DEFAULT CHARSET=utf8mb4 COLLATE=utf8mb4_0900_ai_ci;
/*!40101 SET character_set_client = @saved_cs_client */;

--
-- Dumping data for table `city`
--

LOCK TABLES `city` WRITE;
/*!40000 ALTER TABLE `city` DISABLE KEYS */;
INSERT INTO `city` VALUES (1,'Stockholm',975551,1),(2,'Göteborg',583056,1),(3,'Oslo',693491,2),(4,'Bergen',283929,2),(5,'Tokyo',9273000,3),(6,'Osaka',2691000,3);
/*!40000 ALTER TABLE `city` ENABLE KEYS */;
UNLOCK TABLES;

--
-- Table structure for table `continent`
--

DROP TABLE IF EXISTS `continent`;
/*!40101 SET @saved_cs_client     = @@character_set_client */;
/*!50503 SET character_set_client = utf8mb4 */;
CREATE TABLE `continent` (
  `continent_id` int NOT NULL AUTO_INCREMENT,
  `continent_name` varchar(255) DEFAULT NULL,
  PRIMARY KEY (`continent_id`)
) ENGINE=InnoDB AUTO_INCREMENT=3 DEFAULT CHARSET=utf8mb4 COLLATE=utf8mb4_0900_ai_ci;
/*!40101 SET character_set_client = @saved_cs_client */;

--
-- Dumping data for table `continent`
--

LOCK TABLES `continent` WRITE;
/*!40000 ALTER TABLE `continent` DISABLE KEYS */;
INSERT INTO `continent` VALUES (1,'Europa'),(2,'Asien');
/*!40000 ALTER TABLE `continent` ENABLE KEYS */;
UNLOCK TABLES;

--
-- Table structure for table `country`
--

DROP TABLE IF EXISTS `country`;
/*!40101 SET @saved_cs_client     = @@character_set_client */;
/*!50503 SET character_set_client = utf8mb4 */;
CREATE TABLE `country` (
  `country_id` int NOT NULL AUTO_INCREMENT,
  `country_name` varchar(255) DEFAULT NULL,
  `continent_id` int DEFAULT NULL,
  `language_code` varchar(255) DEFAULT NULL,
  `currency_code` varchar(255) DEFAULT NULL,
  `national_day` date DEFAULT NULL,
  PRIMARY KEY (`country_id`),
  KEY `continent_id` (`continent_id`),
  CONSTRAINT `country_ibfk_1` FOREIGN KEY (`continent_id`) REFERENCES `continent` (`continent_id`)
) ENGINE=InnoDB AUTO_INCREMENT=11 DEFAULT CHARSET=utf8mb4 COLLATE=utf8mb4_0900_ai_ci;
/*!40101 SET character_set_client = @saved_cs_client */;

--
-- Dumping data for table `country`
--

LOCK TABLES `country` WRITE;
/*!40000 ALTER TABLE `country` DISABLE KEYS */;
INSERT INTO `country` VALUES (1,'Sverige',1,'sv','SEK','2023-06-06'),(2,'Norge',1,'no','NOK','2023-05-17'),(3,'Japan',2,'ja','JPY','2023-02-11'),(10,'Danmark',1,'dk','DKK','2023-06-05');
/*!40000 ALTER TABLE `country` ENABLE KEYS */;
UNLOCK TABLES;

--
-- Temporary view structure for view `country_city_info`
--

DROP TABLE IF EXISTS `country_city_info`;
/*!50001 DROP VIEW IF EXISTS `country_city_info`*/;
SET @saved_cs_client     = @@character_set_client;
/*!50503 SET character_set_client = utf8mb4 */;
/*!50001 CREATE VIEW `country_city_info` AS SELECT 
 1 AS `Land`,
 1 AS `Antal Städer`,
 1 AS `Totala Invånare`*/;
SET character_set_client = @saved_cs_client;

--
-- Table structure for table `employee`
--

DROP TABLE IF EXISTS `employee`;
/*!40101 SET @saved_cs_client     = @@character_set_client */;
/*!50503 SET character_set_client = utf8mb4 */;
CREATE TABLE `employee` (
  `employee_id` int NOT NULL AUTO_INCREMENT,
  `first_name` varchar(255) DEFAULT NULL,
  `last_name` varchar(255) DEFAULT NULL,
  PRIMARY KEY (`employee_id`)
) ENGINE=InnoDB AUTO_INCREMENT=3 DEFAULT CHARSET=utf8mb4 COLLATE=utf8mb4_0900_ai_ci;
/*!40101 SET character_set_client = @saved_cs_client */;

--
-- Dumping data for table `employee`
--

LOCK TABLES `employee` WRITE;
/*!40000 ALTER TABLE `employee` DISABLE KEYS */;
INSERT INTO `employee` VALUES (1,'Anna','Andersson'),(2,'Karl','Karlsson');
/*!40000 ALTER TABLE `employee` ENABLE KEYS */;
UNLOCK TABLES;

--
-- Table structure for table `employee_restaurant`
--

DROP TABLE IF EXISTS `employee_restaurant`;
/*!40101 SET @saved_cs_client     = @@character_set_client */;
/*!50503 SET character_set_client = utf8mb4 */;
CREATE TABLE `employee_restaurant` (
  `employee_id` int NOT NULL,
  `restaurant_id` int NOT NULL,
  PRIMARY KEY (`employee_id`,`restaurant_id`),
  KEY `restaurant_id` (`restaurant_id`),
  CONSTRAINT `employee_restaurant_ibfk_1` FOREIGN KEY (`employee_id`) REFERENCES `employee` (`employee_id`),
  CONSTRAINT `employee_restaurant_ibfk_2` FOREIGN KEY (`restaurant_id`) REFERENCES `restaurant` (`restaurant_id`)
) ENGINE=InnoDB DEFAULT CHARSET=utf8mb4 COLLATE=utf8mb4_0900_ai_ci;
/*!40101 SET character_set_client = @saved_cs_client */;

--
-- Dumping data for table `employee_restaurant`
--

LOCK TABLES `employee_restaurant` WRITE;
/*!40000 ALTER TABLE `employee_restaurant` DISABLE KEYS */;
INSERT INTO `employee_restaurant` VALUES (2,1),(2,2),(1,3),(2,3),(1,4),(1,5);
/*!40000 ALTER TABLE `employee_restaurant` ENABLE KEYS */;
UNLOCK TABLES;
/*!50003 SET @saved_cs_client      = @@character_set_client */ ;
/*!50003 SET @saved_cs_results     = @@character_set_results */ ;
/*!50003 SET @saved_col_connection = @@collation_connection */ ;
/*!50003 SET character_set_client  = utf8mb4 */ ;
/*!50003 SET character_set_results = utf8mb4 */ ;
/*!50003 SET collation_connection  = utf8mb4_0900_ai_ci */ ;
/*!50003 SET @saved_sql_mode       = @@sql_mode */ ;
/*!50003 SET sql_mode              = 'ONLY_FULL_GROUP_BY,STRICT_TRANS_TABLES,NO_ZERO_IN_DATE,NO_ZERO_DATE,ERROR_FOR_DIVISION_BY_ZERO,NO_ENGINE_SUBSTITUTION' */ ;
DELIMITER ;;
/*!50003 CREATE*/ /*!50017 DEFINER=`root`@`%`*/ /*!50003 TRIGGER `update_employee_count` AFTER INSERT ON `employee_restaurant` FOR EACH ROW BEGIN
   UPDATE restaurant
   SET employee_count = (SELECT COUNT(*) FROM employee_restaurant WHERE restaurant_id = NEW.restaurant_id)
   WHERE restaurant_id = NEW.restaurant_id;
END */;;
DELIMITER ;
/*!50003 SET sql_mode              = @saved_sql_mode */ ;
/*!50003 SET character_set_client  = @saved_cs_client */ ;
/*!50003 SET character_set_results = @saved_cs_results */ ;
/*!50003 SET collation_connection  = @saved_col_connection */ ;
/*!50003 SET @saved_cs_client      = @@character_set_client */ ;
/*!50003 SET @saved_cs_results     = @@character_set_results */ ;
/*!50003 SET @saved_col_connection = @@collation_connection */ ;
/*!50003 SET character_set_client  = utf8mb4 */ ;
/*!50003 SET character_set_results = utf8mb4 */ ;
/*!50003 SET collation_connection  = utf8mb4_0900_ai_ci */ ;
/*!50003 SET @saved_sql_mode       = @@sql_mode */ ;
/*!50003 SET sql_mode              = 'ONLY_FULL_GROUP_BY,STRICT_TRANS_TABLES,NO_ZERO_IN_DATE,NO_ZERO_DATE,ERROR_FOR_DIVISION_BY_ZERO,NO_ENGINE_SUBSTITUTION' */ ;
DELIMITER ;;
/*!50003 CREATE*/ /*!50017 DEFINER=`root`@`%`*/ /*!50003 TRIGGER `update_employee_count_after_delete` AFTER DELETE ON `employee_restaurant` FOR EACH ROW BEGIN
   UPDATE restaurant
   SET employee_count = (SELECT COUNT(*) FROM employee_restaurant WHERE restaurant_id = OLD.restaurant_id)
   WHERE restaurant_id = OLD.restaurant_id;
END */;;
DELIMITER ;
/*!50003 SET sql_mode              = @saved_sql_mode */ ;
/*!50003 SET character_set_client  = @saved_cs_client */ ;
/*!50003 SET character_set_results = @saved_cs_results */ ;
/*!50003 SET collation_connection  = @saved_col_connection */ ;

--
-- Table structure for table `restaurant`
--

DROP TABLE IF EXISTS `restaurant`;
/*!40101 SET @saved_cs_client     = @@character_set_client */;
/*!50503 SET character_set_client = utf8mb4 */;
CREATE TABLE `restaurant` (
  `restaurant_id` int NOT NULL AUTO_INCREMENT,
  `name` varchar(255) DEFAULT NULL,
  `employee_count` int DEFAULT NULL,
  `rating` decimal(2,1) DEFAULT NULL,
  `city_id` int DEFAULT NULL,
  PRIMARY KEY (`restaurant_id`),
  KEY `city_id` (`city_id`),
  CONSTRAINT `restaurant_ibfk_1` FOREIGN KEY (`city_id`) REFERENCES `city` (`city_id`),
  CONSTRAINT `restaurant_chk_1` CHECK (((`rating` >= 1) and (`rating` <= 5)))
) ENGINE=InnoDB AUTO_INCREMENT=6 DEFAULT CHARSET=utf8mb4 COLLATE=utf8mb4_0900_ai_ci;
/*!40101 SET character_set_client = @saved_cs_client */;

--
-- Dumping data for table `restaurant`
--

LOCK TABLES `restaurant` WRITE;
/*!40000 ALTER TABLE `restaurant` DISABLE KEYS */;
INSERT INTO `restaurant` VALUES (1,'Noma',1,4.8,1),(2,'Fäviken',1,4.7,1),(3,'Maaemo',2,4.9,2),(4,'Geranium',1,4.8,2),(5,'Sukiyabashi Jiro',1,4.6,3);
/*!40000 ALTER TABLE `restaurant` ENABLE KEYS */;
UNLOCK TABLES;

--
-- Temporary view structure for view `restaurant_employee_count`
--

DROP TABLE IF EXISTS `restaurant_employee_count`;
/*!50001 DROP VIEW IF EXISTS `restaurant_employee_count`*/;
SET @saved_cs_client     = @@character_set_client;
/*!50503 SET character_set_client = utf8mb4 */;
/*!50001 CREATE VIEW `restaurant_employee_count` AS SELECT 
 1 AS `Restaurang`,
 1 AS `Antal Anställda`*/;
SET character_set_client = @saved_cs_client;

--
-- Table structure for table `table_name`
--

DROP TABLE IF EXISTS `table_name`;
/*!40101 SET @saved_cs_client     = @@character_set_client */;
/*!50503 SET character_set_client = utf8mb4 */;
CREATE TABLE `table_name` (
  `column_name` int DEFAULT NULL
) ENGINE=InnoDB DEFAULT CHARSET=utf8mb4 COLLATE=utf8mb4_0900_ai_ci;
/*!40101 SET character_set_client = @saved_cs_client */;

--
-- Dumping data for table `table_name`
--

LOCK TABLES `table_name` WRITE;
/*!40000 ALTER TABLE `table_name` DISABLE KEYS */;
/*!40000 ALTER TABLE `table_name` ENABLE KEYS */;
UNLOCK TABLES;

--
-- Final view structure for view `country_city_info`
--

/*!50001 DROP VIEW IF EXISTS `country_city_info`*/;
/*!50001 SET @saved_cs_client          = @@character_set_client */;
/*!50001 SET @saved_cs_results         = @@character_set_results */;
/*!50001 SET @saved_col_connection     = @@collation_connection */;
/*!50001 SET character_set_client      = utf8mb4 */;
/*!50001 SET character_set_results     = utf8mb4 */;
/*!50001 SET collation_connection      = utf8mb4_0900_ai_ci */;
/*!50001 CREATE ALGORITHM=UNDEFINED */
/*!50013 DEFINER=`root`@`%` SQL SECURITY DEFINER */
/*!50001 VIEW `country_city_info` AS select `c`.`country_name` AS `Land`,count(`city`.`city_id`) AS `Antal Städer`,sum(`city`.`inhabitants`) AS `Totala Invånare` from (`country` `c` join `city` on((`c`.`country_id` = `city`.`country_id`))) group by `c`.`country_name` */;
/*!50001 SET character_set_client      = @saved_cs_client */;
/*!50001 SET character_set_results     = @saved_cs_results */;
/*!50001 SET collation_connection      = @saved_col_connection */;

--
-- Final view structure for view `restaurant_employee_count`
--

/*!50001 DROP VIEW IF EXISTS `restaurant_employee_count`*/;
/*!50001 SET @saved_cs_client          = @@character_set_client */;
/*!50001 SET @saved_cs_results         = @@character_set_results */;
/*!50001 SET @saved_col_connection     = @@collation_connection */;
/*!50001 SET character_set_client      = utf8mb4 */;
/*!50001 SET character_set_results     = utf8mb4 */;
/*!50001 SET collation_connection      = utf8mb4_0900_ai_ci */;
/*!50001 CREATE ALGORITHM=UNDEFINED */
/*!50013 DEFINER=`root`@`%` SQL SECURITY DEFINER */
/*!50001 VIEW `restaurant_employee_count` AS select `r`.`name` AS `Restaurang`,count(`er`.`employee_id`) AS `Antal Anställda` from (`restaurant` `r` join `employee_restaurant` `er` on((`r`.`restaurant_id` = `er`.`restaurant_id`))) group by `r`.`name` */;
/*!50001 SET character_set_client      = @saved_cs_client */;
/*!50001 SET character_set_results     = @saved_cs_results */;
/*!50001 SET collation_connection      = @saved_col_connection */;
/*!40103 SET TIME_ZONE=@OLD_TIME_ZONE */;

/*!40101 SET SQL_MODE=@OLD_SQL_MODE */;
/*!40014 SET FOREIGN_KEY_CHECKS=@OLD_FOREIGN_KEY_CHECKS */;
/*!40014 SET UNIQUE_CHECKS=@OLD_UNIQUE_CHECKS */;
/*!40101 SET CHARACTER_SET_CLIENT=@OLD_CHARACTER_SET_CLIENT */;
/*!40101 SET CHARACTER_SET_RESULTS=@OLD_CHARACTER_SET_RESULTS */;
/*!40101 SET COLLATION_CONNECTION=@OLD_COLLATION_CONNECTION */;
/*!40111 SET SQL_NOTES=@OLD_SQL_NOTES */;

-- Dump completed on 2023-11-09  9:58:07
